.gitignore	511
build_outlier_removed_cemr_summary.py	11202
config.py	1493
feature_engineering.py	8056
generate_cemr_ecg_bspc_figures.R	49992
generate_cemr_ecg_python_schematics.py	11307
generate_representative_supplementary_figures.py	14205
LICENSE	1065
MANIFEST.tsv	860
metrics_eval.py	1158
optimize_external_datasets.py	23719
README.md	4665
RELEASE_NOTES.md	939
requirements.txt	187
run_cemr_bio_adaptive_decoder.py	17242
run_cemr_bio_evidence_core.py	16273
run_datasetwise_cemr_framework_experiments.py	37081
run_datasetwise_multimethod_baselines.py	13690
run_datasetwise_multimethod_permethod_bioadaptive_framework.py	22928
run_external_raw_baselines.py	13564
run_modern_deep_baselines.py	40870
run_permethod_deep_supervisor.py	6332
run_representative_supplementary_audits.py	54464
src\__init__.py	36
src\download_data.py	2554
